{"Greater Sydney":{"Arabic":194040,"Chinese":384639,"Vietnamese":99333,"Italian":62642,"Greek":76140,"Filipino":21442,"Hindi":64043,"Spanish":56826,"Punjabi":28516,"Polish":12029,"Japanese":15210,"Indonesian":28614,"Tagalog":40625,"Urdu":28065,"Persian":20764,"French":19944,"Thai":21626,"Russian":17429,"Korean":57718,"English_only_per":0.5732541953},"Greater Melbourne":{"Arabic":76317,"Chinese":279923,"Vietnamese":101340,"Italian":101341,"Greek":107136,"Filipino":15718,"Hindi":49386,"Spanish":33661,"Punjabi":52780,"Polish":13968,"Japanese":10411,"Indonesian":16029,"Tagalog":20818,"Urdu":22427,"Persian":15640,"French":17504,"Thai":10409,"Russian":16913,"Korean":14882,"English_only_per":0.6099681834},"Greater Brisbane":{"Arabic":9868,"Chinese":76284,"Vietnamese":22562,"Italian":10062,"Greek":7547,"Filipino":5886,"Hindi":14535,"Spanish":14757,"Punjabi":12993,"Polish":3324,"Japanese":6781,"Indonesian":3673,"Tagalog":9244,"Urdu":3854,"Persian":5208,"French":6368,"Thai":4174,"Russian":3654,"Korean":13175,"English_only_per":0.7709976885},"Greater Adelaide":{"Arabic":9072,"Chinese":39112,"Vietnamese":18541,"Italian":27466,"Greek":21372,"Filipino":3098,"Hindi":7058,"Spanish":5387,"Punjabi":8499,"Polish":5449,"Japanese":2016,"Indonesian":1709,"Tagalog":4533,"Urdu":2815,"Persian":4584,"French":2393,"Thai":1715,"Russian":3163,"Korean":3473,"English_only_per":0.7480809798},"Greater Darwin":{"Arabic":279,"Chinese":3159,"Vietnamese":1026,"Italian":655,"Greek":3169,"Filipino":1703,"Hindi":652,"Spanish":392,"Punjabi":477,"Polish":99,"Japanese":404,"Indonesian":1107,"Tagalog":2593,"Urdu":378,"Persian":125,"French":510,"Thai":740,"Russian":127,"Korean":281,"English_only_per":0.658713727}}